image,label,split
019472127fd27684.jpg,2,train
019472127fd27684.jpg,3,val
019472127fd27684.jpg,3,train
01b08cc17032d59c.jpg,1,train
01b08cc17032d59c.jpg,1,train
05544ab11dfabafd.jpg,2,train
05544ab11dfabafd.jpg,2,val
099dfa692b437cd4.jpg,1,train
099dfa692b437cd4.jpg,1,test
0b482414136873a9.jpg,1,train
0b482414136873a9.jpg,1,train
0bad70656b498630.jpg,2,train
0bad70656b498630.jpg,2,test
0c2c208959a683c3.jpg,1,train
0c2c208959a683c3.jpg,2,train
0eae9c2f268950e1.jpg,0,train
0eae9c2f268950e1.jpg,0,test
12fb3d7e51ee15a7.jpg,1,val
12fb3d7e51ee15a7.jpg,1,train
12fb3d7e51ee15a7.jpg,1,train
16f2b283598f5912.jpg,2,test
16f2b283598f5912.jpg,2,train
18b7921112712901.jpg,0,val
18b7921112712901.jpg,1,train
1db09be849c0e34d.jpg,2,test
1db09be849c0e34d.jpg,2,train
1dcfcf939667ddbb.jpg,3,test
1dcfcf939667ddbb.jpg,4,train
2538f957c3289e7a.jpg,2,test
2538f957c3289e7a.jpg,2,val
259c8402c9c30457.jpg,2,test
259c8402c9c30457.jpg,2,train
275094363be7de2c.jpg,2,train
275094363be7de2c.jpg,2,test
2b1ae605a78403fb.jpg,2,train
2b1ae605a78403fb.jpg,2,test
2cd3b48e4aad3a92.jpg,1,train
2cd3b48e4aad3a92.jpg,1,train
30a1a17b7537fb34.jpg,2,train
30a1a17b7537fb34.jpg,2,val
30d78b0e58d6b7fe.jpg,2,train
30d78b0e58d6b7fe.jpg,4,train
345c84928f55cb1f.jpg,2,val
345c84928f55cb1f.jpg,2,val
36a4702e18c9cac1.jpg,1,train
36a4702e18c9cac1.jpg,1,train
377e725938ac7fba.jpg,0,test
377e725938ac7fba.jpg,0,train
37e24bd6e4c8465e.jpg,2,train
37e24bd6e4c8465e.jpg,4,train
3854387011edd704.jpg,2,train
3854387011edd704.jpg,2,train
39a47508b6bde771.jpg,4,test
39a47508b6bde771.jpg,4,val
3af4cb033d93d2d2.jpg,4,train
3af4cb033d93d2d2.jpg,4,train
3e0cb76ee8037153.jpg,4,train
3e0cb76ee8037153.jpg,4,train
3fc678977a1f60ba.jpg,2,train
3fc678977a1f60ba.jpg,2,val
3fd6a27c23c37d6c.jpg,2,train
3fd6a27c23c37d6c.jpg,2,test
40a132d13b6b9bbb.jpg,0,train
40a132d13b6b9bbb.jpg,1,val
421f3640c9f94d9a.jpg,4,train
421f3640c9f94d9a.jpg,4,test
425923d05e114e5c.jpg,2,train
425923d05e114e5c.jpg,2,train
4472ce65ee2bab5c.jpg,2,train
4472ce65ee2bab5c.jpg,2,train
449b9c4f182dbbc5.jpg,0,test
449b9c4f182dbbc5.jpg,1,val
473f2c1b5c32507c.jpg,2,train
473f2c1b5c32507c.jpg,2,train
486485d5cb1b61f1.jpg,2,val
486485d5cb1b61f1.jpg,2,train
4a5f2f639f526cf6.jpg,2,train
4a5f2f639f526cf6.jpg,3,train
4b75a75008c6cb47.jpg,2,train
4b75a75008c6cb47.jpg,2,train
4c2f38aef33c0721.jpg,2,train
4c2f38aef33c0721.jpg,2,train
4f2fd042d49287e4.jpg,2,train
4f2fd042d49287e4.jpg,2,train
5121320e9e6031ed.jpg,2,train
5121320e9e6031ed.jpg,4,test
5299771b560d9613.jpg,2,train
5299771b560d9613.jpg,2,train
53aa9ccfe59202c3.jpg,2,train
53aa9ccfe59202c3.jpg,2,val
545dc687769872d5.jpg,2,train
545dc687769872d5.jpg,2,train
55b38d04e3356699.jpg,3,val
55b38d04e3356699.jpg,3,train
5707dc92cbfbd262.jpg,2,test
5707dc92cbfbd262.jpg,2,train
576c1e24e891d314.jpg,1,test
576c1e24e891d314.jpg,1,train
58a1500a00ea594c.jpg,0,train
58a1500a00ea594c.jpg,1,train
5ec2282f31bcdab1.jpg,2,val
5ec2282f31bcdab1.jpg,2,train
61dad0f8b8b4e09e.jpg,1,train
61dad0f8b8b4e09e.jpg,1,train
61dad0f8b8b4e09e.jpg,1,val
61dad0f8b8b4e09e.jpg,1,train
62165210a14cc1dd.jpg,2,train
62165210a14cc1dd.jpg,2,train
672a5b224802f549.jpg,1,train
672a5b224802f549.jpg,4,train
674a2c6ee5158338.jpg,2,test
674a2c6ee5158338.jpg,2,train
69fa47b731467d01.jpg,1,train
69fa47b731467d01.jpg,2,train
6b12c9c90596ddaf.jpg,2,val
6b12c9c90596ddaf.jpg,2,train
6d177129880841ff.jpg,2,test
6d177129880841ff.jpg,4,train
6f4111d138c7684c.jpg,2,train
6f4111d138c7684c.jpg,2,val
737cce60d07f84ee.jpg,2,train
737cce60d07f84ee.jpg,2,train
76422c1fbb2544eb.jpg,1,train
76422c1fbb2544eb.jpg,1,test
78416292d99c785e.jpg,2,train
78416292d99c785e.jpg,2,test
79b26071f86c3254.jpg,4,train
79b26071f86c3254.jpg,4,val
7a19565ddf2a8af2.jpg,2,train
7a19565ddf2a8af2.jpg,3,train
7c6c174b9ac5491d.jpg,2,train
7c6c174b9ac5491d.jpg,2,train
7d22d9b1be28fd1a.jpg,1,train
7d22d9b1be28fd1a.jpg,1,train
7dce3110d169f50c.jpg,1,train
7dce3110d169f50c.jpg,1,val
82d686a4135c9aa8.jpg,3,train
82d686a4135c9aa8.jpg,4,train
839a851a7c57ede4.jpg,4,train
839a851a7c57ede4.jpg,4,train
847948ceec513771.jpg,4,train
847948ceec513771.jpg,4,train
84a3ce47ae6ca3ce.jpg,2,train
84a3ce47ae6ca3ce.jpg,2,train
8c97d1f30f11871e.jpg,2,train
8c97d1f30f11871e.jpg,3,train
8f7003b42d1c5346.jpg,2,train
8f7003b42d1c5346.jpg,2,val
90134d741f75a049.jpg,3,val
90134d741f75a049.jpg,4,train
90c45cc8747d3e6a.jpg,1,train
90c45cc8747d3e6a.jpg,1,train
90d5549539d232a7.jpg,2,train
90d5549539d232a7.jpg,2,test
91f7dd6a0c2eee8c.jpg,4,test
91f7dd6a0c2eee8c.jpg,4,val
9208678e0283021a.jpg,1,val
9208678e0283021a.jpg,1,train
9393a7add9a1d38f.jpg,2,train
9393a7add9a1d38f.jpg,4,train
9a2e80f07355d905.jpg,2,val
9a2e80f07355d905.jpg,2,test
9b17bf30acde3ef7.jpg,1,test
9b17bf30acde3ef7.jpg,2,val
9b17bf30acde3ef7.jpg,2,train
9d6b368d30f4274d.jpg,2,train
9d6b368d30f4274d.jpg,2,test
9e9818e0f8acc98d.jpg,4,train
9e9818e0f8acc98d.jpg,4,val
9e9959438f7f6938.jpg,1,val
9e9959438f7f6938.jpg,1,train
a5e82d3d73515e28.jpg,1,train
a5e82d3d73515e28.jpg,1,train
a5f07d3c63045519.jpg,2,test
a5f07d3c63045519.jpg,2,train
a6bb690b74a87d2e.jpg,2,train
a6bb690b74a87d2e.jpg,2,train
a7dbca826b13eff9.jpg,1,test
a7dbca826b13eff9.jpg,1,val
a955d67f169e4289.jpg,0,train
a955d67f169e4289.jpg,0,test
aa0eaef935e29121.jpg,2,train
aa0eaef935e29121.jpg,2,train
aed4e3077afca4f4.jpg,2,val
aed4e3077afca4f4.jpg,4,train
b61bd6ae8d796c6d.jpg,2,train
b61bd6ae8d796c6d.jpg,3,train
bb59ae46ab4f5604.jpg,2,train
bb59ae46ab4f5604.jpg,2,train
bde64acd08fc84a2.jpg,2,train
bde64acd08fc84a2.jpg,2,train
be341c008d3120b3.jpg,0,train
be341c008d3120b3.jpg,0,train
bea46a68d498c1ee.jpg,2,train
bea46a68d498c1ee.jpg,3,train
c5ce2c1d77661dc6.jpg,2,train
c5ce2c1d77661dc6.jpg,2,train
cd9aa2ac1b190acf.jpg,1,train
cd9aa2ac1b190acf.jpg,2,val
cf88750ed22de57b.jpg,2,test
cf88750ed22de57b.jpg,2,test
d68b73a6865ac3e9.jpg,4,train
d68b73a6865ac3e9.jpg,4,train
d8c3f0202e48ac48.jpg,1,train
d8c3f0202e48ac48.jpg,1,train
d8da6d900965b502.jpg,2,train
d8da6d900965b502.jpg,2,train
d9c441ba1b55c587.jpg,2,train
d9c441ba1b55c587.jpg,2,train
dbd0d181b878380b.jpg,1,train
dbd0d181b878380b.jpg,1,train
dc80025bc594bd39.jpg,2,test
dc80025bc594bd39.jpg,2,test
de581f09f8b2ac8a.jpg,2,train
de581f09f8b2ac8a.jpg,4,train
de7ae68974c0c47a.jpg,2,train
de7ae68974c0c47a.jpg,2,val
df39303f20f2a00b.jpg,1,train
df39303f20f2a00b.jpg,1,train
e08a22b40f9dfae1.jpg,2,train
e08a22b40f9dfae1.jpg,4,test
e1eb2798ed2efb59.jpg,2,train
e1eb2798ed2efb59.jpg,2,train
e926938ef043bf6b.jpg,2,train
e926938ef043bf6b.jpg,3,train
ea6911353f163917.jpg,3,train
ea6911353f163917.jpg,3,val
eb429358ef41f4d1.jpg,2,train
eb429358ef41f4d1.jpg,2,train
efdaf0576a73c7b6.jpg,2,train
efdaf0576a73c7b6.jpg,2,train
f11c660540559d23.jpg,1,val
f11c660540559d23.jpg,2,test
f19d8dd6a38548f9.jpg,2,val
f19d8dd6a38548f9.jpg,3,train
f4f95fa3563ed7df.jpg,0,test
f4f95fa3563ed7df.jpg,0,train
f6b084abde9cccf1.jpg,2,train
f6b084abde9cccf1.jpg,2,train
f7c0afd5f8317730.jpg,2,train
f7c0afd5f8317730.jpg,2,train
f9807a65a75b322e.jpg,4,test
f9807a65a75b322e.jpg,4,train
fc92a8488f1a4a9a.jpg,2,train
fc92a8488f1a4a9a.jpg,2,test
fcf97c045206d162.jpg,3,test
fcf97c045206d162.jpg,3,train
fe6d903ce4cab71a.jpg,4,train
fe6d903ce4cab71a.jpg,4,train
ffa2eb5ff03ed4b0.jpg,2,val
ffa2eb5ff03ed4b0.jpg,3,train
